fileID,RALA,Loudness_moment_1,Loudness_moment_2,Loudness_moment_3,Loudness_moment_4,Loudness_skewness,Loudness_kurtosis,Sharpness
hidaka_breathy,0.1953691128350219,9.431367743834116,6.51618976861627,7.1700773436296705,7.7333928990763,0.49866780848591397,1.98712280037268,1.4589399161633094
hidaka_normal,0.06913767473423875,8.29140199224014,5.254487893711197,6.161675501211973,6.9500122356147385,0.8794023089131252,3.0729478632886353,1.0995493629071447
hidaka_rough,0.08434940863573553,7.476107110047318,5.153236738836988,6.266086659947063,7.231974417602505,1.2281626912853774,3.9117555194907387,1.0138877780481377
hidaka_strained,0.16704965605716976,11.724975405433018,5.712969865047405,6.301834822994504,6.7729331325586095,0.0550041478235929,1.9769226792342458,1.7084189089100674
